ingredient,classification
whey,dairy_and_alternatives
guar gum,stabilizers_and_emulsifiers
maple syrup,sweeteners
coffee,flavors
reduced iron,vitamins_and_minerals
chocolatey coated cone,flavors
dextrose,sweeteners
acesulfame potassium,sweeteners
vegetable gum,stabilizers_and_emulsifiers
glycerin,stabilizers_and_emulsifiers
rice starch,proteins_and_enzymes
sugar,sweeteners
peanut,flavors
cream of tartar,acids_and_leavening_agents
cocoa butter,fats_and_oils
pea protein,proteins_and_enzymes
sweetened lemon zest,flavors
corn syrup,sweeteners
water,dairy_and_alternatives
soybean oil,fats_and_oils
wine,flavors
thiamine mononitrate,vitamins_and_minerals
cellulose gum,stabilizers_and_emulsifiers
cloves,flavors
black carrot,colorants
black raspberry,flavors
plum,flavors
peaches,flavors
sucralose,sweeteners
beet,sweeteners
sodium acid pyrophosphate,acids_and_leavening_agents
wheat flour,proteins_and_enzymes
peanut extract,flavors
sweetened condensed milk,dairy_and_alternatives
vitamin a palmitate,vitamins_and_minerals
lemon oil,flavors
riboflavin,vitamins_and_minerals
diglycerides,stabilizers_and_emulsifiers
cane syrup,sweeteners
molasses,sweeteners
pumpkin,flavors
orange,flavors
flour,miscellaneous
monoglycerides,stabilizers_and_emulsifiers
polydextrose,sweeteners
hazelnuts,flavors
lactose,dairy_and_alternatives
artificial color,colorants
toffee,flavors
oakwood extract,flavors
cheesecake,flavors
almond extract,flavors
sorbitol,sweeteners
oats,flavors
locust bean gum,stabilizers_and_emulsifiers
milk fat,fats_and_oils
caramel syrup,sweeteners
strawberry,flavors
malic acid,acids_and_leavening_agents
natural flavor,flavors
safflower oil,fats_and_oils
maltodextrin,sweeteners
wheat bran,flavors
raspberry,flavors
red cabbage,colorants
niacin,vitamins_and_minerals
vegetablecolor,colorants
cream,fats_and_oils
barley malt,sweeteners
black cherry,flavors
waffle cone pieces,flavors
canola oil,fats_and_oils
skim milk,dairy_and_alternatives
tapioca,proteins_and_enzymes
potato flour,miscellaneous
peanut butter,flavors
fructose,sweeteners
potassium sorbate,preservatives_and_antioxidants
carrageenan,stabilizers_and_emulsifiers
peppermint,flavors
sunflower lecithin,stabilizers_and_emulsifiers
erythritol,sweeteners
soybean lecithin,stabilizers_and_emulsifiers
almonds,flavors
snickers,flavors
confectioner's glaze,flavors
blackberry,flavors
dextrin,sweeteners
bourbon,flavors
calcium phosphate,acids_and_leavening_agents
fudge covered waffle cone pieces,flavors
wheat germ,flavors
propylene glycol monoesters,stabilizers_and_emulsifiers
cornstarch,miscellaneous
peanut flour,flavors
lime,flavors
citric acid,acids_and_leavening_agents
milk,dairy_and_alternatives
pectin,stabilizers_and_emulsifiers
nutmeg,flavors
graham flour,flavors
wheat graham flour,flavors
vanilla,flavors
rum,flavors
sodium bicarbonate,acids_and_leavening_agents
malted barley flour,flavors
almond milk,dairy_and_alternatives
fudge swirl,flavors
hibiscus,flavors
lactase,proteins_and_enzymes
walnuts,flavors
oreo cookie,flavors
xanthan gum,stabilizers_and_emulsifiers
artificial flavor,miscellaneous
sodium caseinate,proteins_and_enzymes
salt,flavors
cheese culture,proteins_and_enzymes
calcium carbonate,acids_and_leavening_agents
fruit,flavors
vegetable oil,fats_and_oils
milk powder,dairy_and_alternatives
carnauba wax,fats_and_oils
inverted sugar syrup,sweeteners
chocolatey coated peanut,flavors
green tea,flavors
condensed milk,dairy_and_alternatives
tara gum,stabilizers_and_emulsifiers
pistachio,flavors
enzymes,proteins_and_enzymes
cherry,flavors
grape,flavors
baking soda,acids_and_leavening_agents
hydrogenated vegetable oil,fats_and_oils
matcha green tea,flavors
apple,flavors
lemon,flavors
lactic acid,acids_and_leavening_agents
cottonseed oil,fats_and_oils
corn oil,fats_and_oils
cocoa powder,flavors
lemon peel,flavors
vermouth,flavors
whiskey,flavors
tbhq,preservatives_and_antioxidants
peanut oil,fats_and_oils
butter,fats_and_oils
vanillin,miscellaneous
cream cheese,flavors
rice flour,proteins_and_enzymes
ascorbic acid,acids_and_leavening_agents
soluble corn fiber,miscellaneous
yeast extract,proteins_and_enzymes
raisins,flavors
folic acid,vitamins_and_minerals
graham crumb,flavors
malt extract,sweeteners
carob bean gum,stabilizers_and_emulsifiers
baking powder,acids_and_leavening_agents
mango,flavors
m&m's minis chocolate with cocoa butter,flavors
leavening,acids_and_leavening_agents
egg white,proteins_and_enzymes
banana,flavors
palm oil,fats_and_oils
pgpr,stabilizers_and_emulsifiers
soybean,proteins_and_enzymes
monocalcium phosphate,acids_and_leavening_agents
spices,flavors
maltitol syrup,sweeteners
carrot,flavors
caramel,sweeteners
modified cornstarch,miscellaneous
egg yolk,proteins_and_enzymes
chocolate,flavors
sodium citrate,acids_and_leavening_agents
coconut oil,fats_and_oils
potato,miscellaneous
pecans,flavors
egg,proteins_and_enzymes
cone,flavors
ginger,flavors
balsamic vinegar,flavors
lecithin,stabilizers_and_emulsifiers
sunflower oil,fats_and_oils
vegetable,miscellaneous
chocolate cookie,flavors
brown sugar,sweeteners
mint leaf extractives,flavors
pineapple,flavors
cinnamon,flavors
blueberry,flavors
heath toffee bar,flavors
honey,sweeteners
sugar syrup,sweeteners
coconut,flavors
fudge coating,flavors
carrot powder,colorants
belgian chocolate,flavors
reese's peanut butter,flavors
